reelection	re-election	0.08475683
realisation	realization	0.11088814
coworker	co-worker	0.06950296
07:57	07:52	-0.13791482
07:54	07:52	-0.14137998
recomend	recommend	-0.11187241
ROFL	LOL	-0.18146259
54.99	59.99	-0.073862836
26.99	29.99	-0.09735028
07:20	08:10	-0.1352306
07:48	07:52	-0.14396885
24,000	30,000	0.090340026
Ohh	Oh	-0.13984394
fund-raising	fundraising	0.14258578
07:43	07:52	-0.1416172
07:38	07:52	-0.14453743
07:31	07:52	-0.14965068
re-use	reuse	0.080225684
accidently	accidentally	-0.0023705151
07:26	07:52	-0.1465374
07:19	07:52	-0.15146159
definetly	definitely	-0.09473273
07:23	07:52	-0.15153226
2006-07	2007-08	0.03443014
03:18	03:19	-0.15529245
yoghurt	yogurt	-0.018786302
07:18	07:52	-0.14808606
07:22	07:52	-0.15076114
.07	.12	-0.052828874
23.99	29.99	-0.09778144
part2	part1	-0.093006246
.34	.14	0.011156261
AMReport	PMReport	-0.11312362
07:13	08:13	-0.14530334
civilisation	civilization	0.048084825
Russel	Russell	-0.0051433025
usefull	useful	-0.07854925
03:53	03:39	-0.16380847
03:56	03:39	-0.16273382
goverment	government	-0.022071695
similiar	similar	0.0013333256
judgements	judgments	0.03873542
dissapointed	disappointed	-0.100954674
Ummm	Hmmm	-0.14983377
somethin	something	-0.11377605
05:19	05:23	-0.14225876
06:47	06:56	-0.15578264
06:52	07:52	-0.15638307
gud	good	-0.14993389
55,000	30,000	0.06711566
06:32	07:52	-0.15909147
gunna	gonna	-0.13696487
06:22	07:52	-0.15936169
06:27	08:07	-0.16213724
wks	weeks	-0.09882581
06:26	06:31	-0.15956196
04:37	04:34	-0.1677563
OMFG	OMG	-0.19622827
longer-term	long-term	0.13572967
;p	;)	-0.11093151
naïve	naive	0.0843247
Hah	Oh	-0.18201664
2,300	2,000	0.0806677
thnx	thanx	-0.1510782
tshirt	t-shirt	-0.03615332
hmmmm	hmmm	-0.08232137
mmmm	mmm	-0.13608217
7-1	5-1	-0.029533358
useable	usable	0.05240469
25.99	29.99	-0.11501885
Woah	Oh	-0.18451385
completly	completely	-0.06676219
suprise	surprise	-0.08513364
e.g	e.g.	0.10062446
;P	;)	-0.13894847
smokey	smoky	-0.030512845
sceptical	skeptical	0.0635323
0.29	0.24	-0.050989904
Ph.D	Ph.D.	0.006298891
0h	9h	-0.14763774
2005-06	2007-08	0.012342944
0.31	0.24	-0.051838223
160,000	200,000	0.0551997
400.00	300.00	-0.081182525
140,000	200,000	0.043076973
6,500	4,000	0.075449
Jonathon	Jonathan	-0.035918187
good-bye	goodbye	-0.010920856
23.00	18.00	-0.09095751
130,000	200,000	0.05333631
optimised	optimized	0.04556634
half-way	halfway	0.049386043
p.m	p.m.	-0.030904578
wud	would	-0.12420323
tbh	too	-0.10142209
28,000	30,000	0.06005698
44.95	39.95	-0.09643528
21.95	19.95	-0.102232926
.37	.16	-0.0038152372
??!!	?!	-0.17744535
___________	__________	-0.047155168
workin	working	-0.11750585
alittle	little	-0.08105342
hi-tech	high-tech	0.05466839
bein	being	-0.09480424
450,000	400,000	0.047170546
23,000	30,000	0.06674803
5-minute	10-minute	-0.009316627
.39	.16	-0.0048077204
knowledgable	knowledgeable	-0.004886479
orientated	oriented	0.06784546
accross	across	-0.01276064
KNEW	KNOW	-0.11024477
5,500	4,000	0.073128454
;]	;)	-0.14123291
hiphop	hip-hop	-0.04677435
3,200	3,000	0.0541888
21,000	30,000	0.06354719
amature	amateur	-0.06559238
reccomend	recommend	-0.10268051
014	004	-0.1510282
11m	8m	-0.077806234
26,000	30,000	0.060681116
wether	whether	-0.051509123
32,000	30,000	0.05027927
diffrent	different	-0.13754253
119.99	99.99	-0.08374262
;o)	:-)	-0.07894092
Rte	Route	-0.11778857
1,250	1,500	0.030310564
independant	independent	0.010256654
dinning	dining	-0.047218714
27,000	30,000	0.047622103
accomodations	accommodations	-0.023767391
U.S.A	U.S.A.	-0.0508739
900,000	500,000	0.0518503
wats	whats	-0.17143717
benefitted	benefited	0.06583672
1,900	2,000	0.04703279
110,000	60,000	0.03770038
archeological	archaeological	0.055540554
oooh	ooh	-0.1212383
adress	address	-0.08993343
peice	piece	-0.09820389
glared	stared	-0.07912872
2,100	2,000	0.046611942
2,700	2,000	0.066717476
beautifull	beautiful	-0.13917886
64.99	59.99	-0.08721913
focussing	focusing	0.110621534
2,800	2,000	0.044997428
WANNA	WANT	-0.21837983
busses	buses	0.028831314
calender	calendar	0.002294464
commited	committed	-0.02105266
emphasise	emphasize	0.0926357
175.00	150.00	-0.085541
moveable	movable	0.026407856
Accomodation	Accommodation	-0.1429639
0.37	0.24	-0.06580088
tumours	tumors	0.003939686
Iam	'm	-0.12605232
Ð	â	-0.093165815
randomised	randomized	0.0010851583
lastest	latest	-0.04364881
13.50	12.50	-0.08310268
SOOO	too	-0.14391944
2,600	2,000	0.056054596
specialities	specialties	-0.017974092
?!?!?	???	-0.21377039
36,000	30,000	0.04294852
180,000	200,000	0.037581492
19,000	30,000	0.05573676
match-up	matchup	0.03744527
GLBT	LGBT	0.025248488
74.99	69.99	-0.090865366
Analyses	Analysis	-0.06503249
lik	like	-0.17095345
CAME	HAVE	-0.22345708
wana	wanna	-0.16955233
hahahah	hahaha	-0.19537023
throught	through	-0.042666066
lenght	length	-0.09562491
2004-05	2007-08	-0.008978856
mistrust	distrust	0.025740013
realises	realizes	0.003999938
dosent	doesnt	-0.16917987
85,000	60,000	0.019433765
017	003	-0.15770158
14m	8m	-0.103165366
becasue	because	-0.105949976
28-year-old	25-year-old	0.018910931
tshirts	shirts	-0.042405766
:-P	:-)	-0.09506124
customise	customize	-0.03476054
quintet	quartet	0.026320197
13m	8m	-0.101339325
refering	referring	-0.041240286
wut	what	-0.18717107
hippy	hippie	-0.02762397
16m	8m	-0.09943254
cafés	cafes	0.021653337
light-weight	lightweight	0.0286235
multi-disciplinary	multidisciplinary	0.055862352
.64	.24	-0.046944574
web-sites	websites	-0.023406541
absolutly	absolutely	-0.11678174
publically	publicly	0.023062967
posses	possess	0.02068769
uhh	uh	-0.15185902
sux	but	-0.18116821
tranquillity	tranquility	-0.022215562
sence	sense	-0.1656529
018	003	-0.15602174
remeber	remember	-0.17032531
allways	always	-0.15113647
recognisable	recognizable	0.06654701
worshiping	worshipping	-0.017852169
0.41	0.24	-0.06598633
a.k.a	aka	-0.04803662
35.99	39.99	-0.11024726
co-ordination	coordination	0.06326749
Tshirt	T-shirt	-0.17034338
occuring	occurring	0.029979488
130.00	150.00	-0.111773275
e-mailing	emailing	-0.0062248935
youd	you	-0.11412821
frickin	freakin	-0.113642626
stil	still	-0.14131238
175,000	150,000	-0.013040265
2003-04	2007-08	-0.017132718
layed	laid	-0.103182845
wonderfull	wonderful	-0.14331529
fulltime	full-time	0.023244374
wot	what	-0.16131705
mor	more	-0.098833695
14.50	12.50	-0.11530197
jsut	just	-0.13154246
28.99	29.99	-0.12951063
16.50	12.50	-0.105918445
helpfull	helpful	-0.13087107
17m	8m	-0.106570095
watchin	watching	-0.15994385
totaly	totally	-0.15230338
0.48	0.24	-0.08194807
existance	existence	-0.04276214
buisness	business	-0.10676174
definitly	definitely	-0.16126503
.72	.26	-0.058368206
31.99	29.99	-0.121269785
26.95	24.95	-0.123945124
sry	sorry	-0.18959683
109.99	89.99	-0.10128004
249.99	199.99	-0.11045631
xDD	xD	-0.19977102
actualy	actually	-0.16172656
gona	gonna	-0.1905249
preexisting	pre-existing	0.05482214
tryed	tried	-0.19272473
23.95	19.95	-0.1223634
7-4	5-2	-0.07879846
predominately	predominantly	0.10718025
omfg	omg	-0.21442774
standup	stand-up	-0.02994749
smirked	smiled	-0.11267039
3,600	4,000	0.02593007
heros	heroes	-0.06575632
27.95	24.95	-0.11727427
embarassing	embarrassing	-0.07427097
shud	should	-0.14478995
post-season	postseason	0.038360734
transfered	transferred	-0.05483126
O.O	OMG	-0.22074509
arguement	argument	-0.09468569
enviroment	environment	-0.062233195
ahaha	haha	-0.17362067
hott	hot	-0.1701355
USB2	USB	-0.12288967
8-3	5-2	-0.090614505
re-create	recreate	0.025246626
031	011	-0.17225882
re-open	reopen	0.008375453
eMail	e-mail	-0.091041125
AMi	PMI	-0.15380879
180.00	150.00	-0.12615462
WalMart	Wal-Mart	-0.014446655
definatly	definitely	-0.1737019
0.46	0.24	-0.08659204
.82	.26	-0.06896425
Kubuntu	Ubuntu	-0.14078507
week-end	weekend	-0.034977976
synch	sync	-0.05108573
orginal	original	-0.11184736
!?!?	?!	-0.23854965
170,000	200,000	0.00838442
offical	official	-0.055775855
.93	.26	-0.08294627
prefered	preferred	-0.09134904
22m	8m	-0.11457557
6.49	5.99	-0.1353089
Awsome	Awesome	-0.24088909
multi-national	multinational	0.04408245
SOOOO	SOOO	-0.16756609
fuk	fuck	-0.21514605
benefitting	benefiting	0.042871717
Wtf	why	-0.28957066
.84	.24	-0.07250671
33,000	30,000	0.023747694
foward	forward	-0.116078526
seperated	separated	-0.06340009
139.99	99.99	-0.11566828
amatuer	amateur	-0.06875179
12,500	15,000	0.0017575765
knw	know	-0.16793853
taht	that	-0.12831725
manmade	man-made	0.015554248
19m	8m	-0.120917864
wht	what	-0.18138912
.86	.26	-0.06938797
thay	they	-0.15413113
Ahhhh	Ahhh	-0.19990242
1,350	1,400	-0.026778901
135.00	125.00	-0.1253859
21m	8m	-0.13712634
agressive	aggressive	-0.05780501
powerfull	powerful	-0.12222195
customisation	customization	-0.065339394
co-ordinate	coordinate	0.029708268
liek	like	-0.18765858
179.99	199.99	-0.120332636
8,500	6,000	0.006635104
650,000	300,000	-0.0012363571
mistaking	mistaken	-0.050415862
HORRIBLE	terrible	-0.13580373
uhm	uh	-0.15390432
guerilla	guerrilla	0.009292892
excercise	exercise	-0.064961344
civilised	civilized	-0.025016442
noticable	noticeable	-0.09035939
succesful	successful	-0.043807272
36.99	39.99	-0.13657816
??!	?!	-0.22390142
Nichole	Nicole	-0.121963695
23m	8m	-0.12786311
guage	gauge	-0.06420335
Meagan	Megan	-0.13460791
seperately	separately	-0.095373824
Ooooh	Oooh	-0.19037312
Pavillion	Pavilion	-0.09608229
jewelery	jewelry	-0.049572505
45m	30m	-0.11306804
2002-03	2007-08	-0.040808626
nvm	hmm	-0.16946244
Mmmmm	Mmmm	-0.2109827
?!!!	?!?	-0.26131278
54.95	59.95	-0.14545035
pro-active	proactive	0.02021757
Inevitably	inevitable	-0.20724674
havnt	havent	-0.166975
WW1	WWI	-0.07031645
25.95	24.95	-0.13422458
looses	loses	-0.0629139
straight-forward	straightforward	0.0025837803
115.00	125.00	-0.12748842
icecream	ice-cream	-0.10659625
.87	.26	-0.07290345
hangin	hanging	-0.1740789
adrenalin	adrenaline	-0.041820496
FUCKIN	FUCKING	-0.26020676
26m	8m	-0.13684237
Colourful	Colorful	-0.1483831
31-year-old	25-year-old	-0.02273046
159.99	149.99	-0.13150404
co-operate	cooperate	-0.0021606737
befor	before	-0.19258764
rediculous	ridiculous	-0.14608486
Erm	Hmm	-0.23077711
LGBTQ	LGBT	0.004727679
32-year-old	25-year-old	-0.029888267
fucken	fuckin	-0.23854801
0.54	0.24	-0.10157374
pp. 	pp.	-0.17110148
beatiful	beautiful	-0.156818
reelected	re-elected	-0.04239646
XSL	XML	-0.14278229
visualisation	visualization	0.004321597
tellin	telling	-0.20791551
co-ordinated	coordinated	0.056944985
Caf	Café	-0.06935192
hte	the	-0.10508659
38,000	30,000	0.0017634865
gasses	gases	-0.026078146
dats	thats	-0.19911136
AMThat	PMThat	-0.12654938
42,000	30,000	0.003534572
re-opened	reopened	0.0022979542
25-year	20-year	0.04153742
re-install	reinstall	-0.098430455
verry	very	-0.19924468
Co-operation	Cooperation	-0.07610646
051	011	-0.20781843
225,000	200,000	-0.042931844
everthing	everything	-0.14297378
Kathie	Kathy	-0.10869872
Muhammed	Muhammad	-0.045617696
consistant	consistent	-0.089765154
37.99	39.99	-0.1505255
equiped	equipped	-0.09686994
RD.	RD	-0.22420068
allready	already	-0.16453002
a.m	a.m.	-0.067611635
105.00	90.00	-0.14548877
Anywho	Anyway	-0.25634563
'02	'04	-0.12377352
longterm	long-term	-0.013621562
pre-defined	predefined	0.018832145
tryna	trying	-0.15716036
2-9	2-5	-0.094257705
re-write	rewrite	-0.04658677
infomation	information	-0.15942703
043	011	-0.20913014
Moslem	Muslim	-0.025803514
characterisation	characterization	0.026904447
Definately	Definitely	-0.2737919
036	004	-0.20292994
17:13	17:14	-0.17768803
0.57	0.24	-0.11032541
!!?	?!	-0.28826022
／	（	-0.17801233
coulda	could	-0.16441694
embarassed	embarrassed	-0.14320634
tommorow	tomorrow	-0.18122485
writting	writing	-0.13037446
waitin	waiting	-0.15754901
31m	28m	-0.15046875
3,300	4,000	0.0067025824
U.K	UK	-0.060082514
Awwww	Awww	-0.24134387
4-9	2-5	-0.09231814
centralised	centralized	0.033500813
35-year-old	30-year-old	-0.017424557
29m	19m	-0.1538271
sub-prime	subprime	0.010841932
managment	management	-0.05617202
freinds	friends	-0.18478315
accomodating	accommodating	-0.096829824
36m	35m	-0.14864942
yur	your	-0.16332254
sulphate	sulfate	-0.059567265
givin	giving	-0.20138834
duper	super	-0.12273416
34m	28m	-0.15992405
Carribean	Caribbean	-0.08064381
weeklong	week-long	0.0436692
34,000	30,000	-0.010645912
though.	though	-0.14433146
multi-cultural	multicultural	0.0029997563
somethin'	something	-0.1600973
59m	9h	-0.17361255
mortified	horrified	-0.11457416
withdrawl	withdrawal	-0.09530343
hight	high	-0.13582908
new-found	newfound	0.023573117
18.50	12.50	-0.15091933
WTH	WTF	-0.27870595
38m	35m	-0.15869145
tooo	too	-0.20803137
Uhm	Oh	-0.22293417
co-ordinator	coordinator	-0.0063288994
sittin	sitting	-0.18083072
descendents	descendants	-0.035977434
fukin	fuckin	-0.23927984
occassion	occasion	-0.09301019
145.00	125.00	-0.155314
37m	28m	-0.15031198
053	011	-0.2381049
breath-taking	breathtaking	-0.029877558
37.00	40.00	-0.15793012
tatoo	tattoo	-0.14244185
Uhh	Uh	-0.20675005
Rmx	Remix	-0.17357588
recieving	receiving	-0.085217334
committment	commitment	-0.026425071
offroad	off-road	-0.08125408
probly	probably	-0.21371405
42m	35m	-0.1574237
Ooo	Oh	-0.2134579
intrested	interested	-0.18388638
240,000	200,000	-0.019661283
anyday	anyway	-0.20592876
3,800	4,000	-0.0075336983
550,000	500,000	-0.053362817
33-year-old	25-year-old	-0.03539408
millenium	millennium	-0.05831765
079	011	-0.22643425
warmup	warm-up	-0.059637748
220,000	200,000	-0.035410468
lov	love	-0.23732674
nation-wide	nationwide	0.04046634
'till	'til	-0.12503323
experiance	experience	-0.15417981
CDROM	CD-ROM	-0.101584285
39m	28m	-0.17555498
emphasises	emphasizes	0.008780137
37,000	30,000	-0.010784516
64.95	59.95	-0.15195754
activites	activities	-0.03543221
047	004	-0.23667261
night-time	nighttime	0.019143414
Coz	So	-0.24422863
grass-roots	grassroots	0.026100937
43m	35m	-0.17153068
44m	35m	-0.17589906
41m	28m	-0.16394746
melancholic	melancholy	-0.035072673
:d	;)	-0.24051295
46m	35m	-0.17089292
YOu	So	-0.23807393
2001-02	2007-08	-0.058616105
Isnt	It	-0.24876407
48m	35m	-0.1682475
34-year-old	25-year-old	-0.03782872
antiwar	anti-war	-0.023953667
summarised	summarized	-0.0019711729
064	011	-0.241687
reciever	receiver	-0.11081964
mmmmm	mmmm	-0.21488589
-8:30	6:30	-0.12483038
Tshirts	T-shirts	-0.18641405
3,400	4,000	-0.0060458845
74.95	69.95	-0.14664733
babys	babies	-0.13235895
84.99	79.99	-0.12784019
4,200	4,000	-0.019110234
47m	35m	-0.16244943
95,000	60,000	-0.038819358
275,000	250,000	-0.066100664
54m	35m	-0.17655148
33.99	29.99	-0.16543078
rmx	remix	-0.16149624
52m	35m	-0.16555278
42.99	39.99	-0.16071104
geting	getting	-0.20746997
collectables	collectibles	-0.07750807
-9:00	9:00	-0.12999865
1,050	1,200	-0.06135229
28.95	29.95	-0.16130786
56m	35m	-0.17811833
whe	when	-0.15015595
programing	programming	-0.07365881
51m	28m	-0.18595237
1,750	1,500	-0.027002469
Ooops	Oops	-0.2553567
dieing	dying	-0.1749675
53m	3h	-0.18551743
backround	background	-0.1847489
58m	8h	-0.17845966
19:49	19:48	-0.2132107
57m	37m	-0.1837027
nother	another	-0.1787505
230,000	300,000	-0.036261182
wining	winning	-0.06458084
creat	create	-0.14894325
nontraditional	non-traditional	0.031668317
scepticism	skepticism	-0.017696595
48,000	30,000	-0.03224335
Qaddafi	Gaddafi	-0.04242524
disapointed	disappointed	-0.21037844
30-35	20-25	-0.082450494
scifi	sci-fi	-0.07448508
ahhhh	ahhh	-0.21920727
poeple	people	-0.19133142
ahve	have	-0.19688854
avaliable	available	-0.15410179
2,900	2,000	-0.022017775
keepin	keeping	-0.18496864
29,000	30,000	-0.026304327
170.00	150.00	-0.1546713
shyt	shit	-0.21337113
ingame	in-game	-0.12111912
minimising	minimizing	-0.005592317
 name@domain.com	name@domain.com	-0.17459108
acces	access	-0.10291407
singin	singing	-0.20785557
enought	enough	-0.15941212
indepth	in-depth	-0.0865998
becouse	because	-0.24099676
Hizbullah	Hezbollah	-0.032250427
anaesthesia	anesthesia	-0.032333583
anti-bacterial	antibacterial	-0.095358714
totalled	totaled	-0.07652332
38.99	39.99	-0.16019565
275.00	125.00	-0.15342796
35-40	15-20	-0.09748581
somone	someone	-0.19410102
off-shore	offshore	0.019227698
p.s	yes	-0.2263975
heheh	hehe	-0.17893037
resturant	restaurant	-0.13779129
084	011	-0.22315083
Issac	Isaac	-0.1313102
Adress	Address	-0.25759664
freind	friend	-0.22807933
31,000	30,000	-0.02764282
dancin	dancing	-0.20375529
AWSOME	AWESOME	-0.28833875
Malcom	Malcolm	-0.13438839
45.99	39.99	-0.15738091
over-sized	oversized	-0.040443458
phosphorous	phosphorus	-0.04521882
11mm	10mm	-0.16990246
▐	█	-0.26156798
post-modern	postmodern	-0.023866285
diggin	digging	-0.2118169
refered	referred	-0.12965304
extremly	extremely	-0.17041232
intresting	interesting	-0.20892426
reestablish	re-establish	-0.034792013
37-year-old	25-year-old	-0.06534599
summarise	summarize	-0.04811347
worshipers	worshippers	-0.03307983
polices	policies	-0.02701637
XDD	XD	-0.26416153
re-used	reused	-0.06139459
jst	just	-0.21377921
AMWell	PMWell	-0.19544607
115,000	150,000	-0.054360345
xP	=P	-0.22613356
mind-set	mindset	-0.035784602
pron	porn	-0.16653746
imbedded	embedded	-0.032817457
47.99	39.99	-0.17295057
appartment	apartment	-0.13080312
policy-makers	policymakers	0.011007639
2000-01	2007-08	-0.06970797
Hahah	Haha	-0.32857
AMIf	PMIf	-0.18395895
re-think	rethink	-0.09134516
mornin	morning	-0.18570937
850,000	300,000	-0.04859041
basicly	basically	-0.20071872
finaly	finally	-0.22126827
4,800	4,000	-0.0316851
beeing	being	-0.16307826
story-telling	storytelling	-0.013276001
out.	out	-0.15585196
36-year-old	25-year-old	-0.056562588
44,000	30,000	-0.025380079
fund-raiser	fundraiser	-0.022596845
counter-productive	counterproductive	-0.07055389
tought	thought	-0.2270315
persisting	persistent	-0.020492798
rereading	re-reading	-0.058011323
again.	again	-0.17799076
cussing	cursing	-0.14047143
aprox	approx	-0.18483098
fibreglass	fiberglass	-0.091049634
-5:00	9:00	-0.15015906
1-13	1-7	-0.13520922
10,500	12,000	-0.043717705
'01	'04	-0.14619774
wherefore	therefore	-0.12516107
callin	calling	-0.21438093
41.99	39.99	-0.17047039
occassions	occasions	-0.11005932
pple	ppl	-0.17665128
Calender	Calendar	-0.15967734
developement	development	-0.11281997
differnt	different	-0.17688017
greatful	grateful	-0.20193313
L.A	L.A.	-0.1336444
sooth	soothe	-0.11242155
190.00	150.00	-0.1803466
9.49	8.99	-0.15966658
labours	labors	-0.0722336
iPad2	iPad	-0.11358975
utilises	utilizes	-0.019453106
109.95	99.95	-0.15229231
hoody	hoodie	-0.13014564
adaption	adaptation	-0.03216655
135,000	150,000	-0.059676606
-8:00	6:00	-0.14483137
wold	would	-0.18692666
pricy	pricey	-0.10473672
fron	from	-0.17687401
posible	possible	-0.2024239
cryin	crying	-0.2160418
Heros	Heroes	-0.2037534
re-opening	reopening	-0.0194008
Crises	Crisis	-0.13188912
fren	friend	-0.1885805
neccessary	necessary	-0.12535831
litle	little	-0.18922882
190,000	200,000	-0.0656843
220.00	150.00	-0.17870007
comercial	commercial	-0.16882361
re-design	redesign	-0.051343817
Wal-mart	Walmart	-0.07816491
excelent	excellent	-0.18785717
Jenifer	Jennifer	-0.19189061
!!??	???	-0.2875653
beter	better	-0.22612233
eNewsletter	newsletter	-0.1387799
1,650	1,500	-0.07516722
3,700	4,000	-0.03700675
47,000	30,000	-0.043375615
state-wide	statewide	0.040168684
goood	good	-0.25532627
damm	damn	-0.24553381
develope	develop	-0.1469721
beggining	beginning	-0.22874564
computerised	computerized	-0.028945593
turn-around	turnaround	-0.039245337
diferent	different	-0.20777287
licenced	licensed	-0.06838663
definetely	definitely	-0.22141822
immediatly	immediately	-0.16087729
├	â	-0.25157842
43,000	30,000	-0.04189531
stabilise	stabilize	-0.03116713
yearlong	year-long	0.0059725433
srry	sorry	-0.26530293
36.95	39.95	-0.18195659
acheive	achieve	-0.11018736
thts	thats	-0.25304997
drivin	driving	-0.22343521
nongovernmental	non-governmental	-0.017152078
desireable	desirable	-0.14277792
outa	out	-0.2545678
recipies	recipes	-0.119104266
sculptured	sculpted	-0.108787514
WONT	NOT	-0.2843473
accesories	accessories	-0.14702842
curiousity	curiosity	-0.12822382
marginalised	marginalized	-0.04434352
35.95	39.95	-0.18245028
absolutley	absolutely	-0.1834282
ourself	yourself	-0.115806565
10.49	11.99	-0.1849634
46,000	30,000	-0.047943667
gov.	gov	-0.1123897
sucess	success	-0.15334114
cofounder	co-founder	-0.0896261
useing	using	-0.24556606
othe	other	-0.16377911
145,000	150,000	-0.08825262
intersting	interesting	-0.18230125
puttin	putting	-0.237013
archeology	archaeology	-0.035973523
life-style	lifestyle	-0.044344917
intrest	interest	-0.156935
dere	there	-0.2300057
rightwing	right-wing	-0.04638827
visualise	visualize	-0.07949432
coauthor	co-author	-0.10230393
Offical	Official	-0.24059455
leukaemia	leukemia	-0.055283885
mosquitos	mosquitoes	-0.1134068
-7:30	6:30	-0.14159438
189.99	199.99	-0.16516757
700.00	500.00	-0.1688201
shoud	should	-0.213511
9,500	6,000	-0.047626283
349.99	299.99	-0.15773688
extra-curricular	extracurricular	-0.024269447
2day	today	-0.2238659
vidio	video	-0.20063002
abou	about	-0.18704012
-5149	-5148	-0.18956693
extention	extension	-0.14214362
part3	part2	-0.20373937
Shi'ite	Shiite	-0.04135799
arnt	arent	-0.19810386
awwww	awww	-0.2535522
3,100	3,000	-0.027845932
By-Laws	Bylaws	-0.078545
52,000	30,000	-0.04491353
D.C	D.C.	-0.11138572
occassionally	occasionally	-0.11708852
105,000	60,000	-0.071096584
coffe	coffee	-0.15183218
waht	what	-0.23209065
Moslems	Muslims	-0.09945543
325,000	300,000	-0.097210705
yor	your	-0.18558338
honouring	honoring	-0.031155856
ahah	haha	-0.26687142
confortable	comfortable	-0.16599452
enquired	inquired	-0.10195702
nxt	next	-0.18004224
esthetic	aesthetic	-0.026245257
customisable	customizable	-0.08448787
sh!t	shit	-0.2177247
E-mails	emails	-0.12763667
possiblity	possibility	-0.12453791
Artic	Arctic	-0.13705213
hand-written	handwritten	-0.0074750944
privat	private	-0.17473698
repellant	repellent	-0.11207282
carefull	careful	-0.22166593
210,000	200,000	-0.08678057
Fransisco	Francisco	-0.11562965
heart-warming	heartwarming	-0.07454605
!?!?!	?!?	-0.3300959
anti-oxidant	antioxidant	-0.1008093
NWOT	NWT	-0.21168321
flys	flies	-0.17257693
stabilisation	stabilization	-0.012783575
catagory	category	-0.16913751
strenght	strength	-0.12921724
recomended	recommended	-0.19537824
ehh	eh	-0.26418188
neva	never	-0.22145618
tounge	tongue	-0.20306495
higher-end	high-end	-0.0055548353
139.95	99.95	-0.17028151
optimising	optimizing	-0.042930998
e-bay	ebay	-0.14474244
tlie	tbe	-0.036354862
nickle	nickel	-0.122180164
drinkin	drinking	-0.18970598
day.	day	-0.16684897
vedio	video	-0.19444223
give-away	giveaway	-0.11693564
moisturiser	moisturizer	-0.095624074
bad-ass	badass	-0.12615347
240.00	150.00	-0.18010661
wiht	with	-0.24760938
frens	friends	-0.17618681
glamor	glamour	-0.07798572
milage	mileage	-0.14275323
260,000	300,000	-0.06003616
280,000	300,000	-0.07732985
over-all	overall	-0.045772057
bussiness	business	-0.16884804
Sooooo	soooo	-0.28566545
Jordon	Jordan	-0.14266491
paralysed	paralyzed	-0.08745614
12.49	11.99	-0.20568398
peices	pieces	-0.18585573
43.99	39.99	-0.1869954
unfavourable	unfavorable	-0.047752645
41.00	40.00	-0.19357698
grammer	grammar	-0.16426644
seperation	separation	-0.12312792
xray	x-ray	-0.118282974
CUZ	BUT	-0.30435458
withing	within	-0.1096669
beacuse	because	-0.25627854
theists	atheists	-0.09709154
nontoxic	non-toxic	-0.08418729
nvr	never	-0.20051166
anti-oxidants	antioxidants	-0.09708626
Lolz	Lol	-0.38475198
convertor	converter	-0.1319072
vey	very	-0.18038115
ahahaha	hahaha	-0.28148723
post-doctoral	postdoctoral	-0.042239867
ffs	yes	-0.25135714
eatin	eating	-0.21689971
co-ordinating	coordinating	0.0024896064
ginormous	enormous	-0.08478618
E.U.	EU	-0.07334241
Virgina	Virginia	-0.1375943
SOOOOO	SOOOO	-0.23022446
sweety	sweetie	-0.23033802
nuthin	nothing	-0.24188267
preinstalled	pre-installed	-0.14636621
by-pass	bypass	-0.0718289
bcoz	coz	-0.1957207
explaination	explanation	-0.19525743
genious	genius	-0.20762616
fone	phone	-0.23145323
dowload	download	-0.15589888
alll	all	-0.25951824
hihi	hehe	-0.25247386
she/he	he/she	-0.07400987
51.00	60.00	-0.20182039
165,000	150,000	-0.09662074
39-year-old	25-year-old	-0.08380105
39,000	30,000	-0.059987556
aquired	acquired	-0.12904179
4,400	4,000	-0.05848602
beastiality	bestiality	-0.13488923
builtin	built-in	-0.12503463
thingie	thingy	-0.18088967
specialisation	specialization	-0.05583338
sould	should	-0.25199124
stoped	stopped	-0.25550508
antisemitism	anti-Semitism	-0.077902235
37.95	39.95	-0.20237081
42-year-old	30-year-old	-0.08684501
1,450	1,400	-0.08442508
hve	have	-0.21560402
practises	practices	-0.029549163
itz	it	-0.24972251
micheal	michael	-0.19901246
31.95	39.95	-0.20761344
awoken	woken	-0.13052915
-11:00	10:00	-0.16430049
agian	again	-0.3017286
arround	around	-0.2301965
busines	business	-0.10472741
choosen	chosen	-0.16202037
reoccurring	recurring	-0.054641873
haveing	having	-0.24957344
wih	with	-0.18780707
AMHey	AMHi	-0.2472806
askin	asking	-0.27536044
-9:30	8:30	-0.16519716
fuking	fucking	-0.26880282
infra-red	infrared	-0.06336251
futher	further	-0.1383846
fot	for	-0.21292013
54,000	30,000	-0.07467237
embarrasing	embarrassing	-0.20973872
41,000	30,000	-0.063632704
villian	villain	-0.16150694
xox	xoxo	-0.22835425
ladys	ladies	-0.18378766
frigging	friggin	-0.21943384
21.50	12.50	-0.20494753
sucessful	successful	-0.14282012
discernable	discernible	-0.065233864
trys	tries	-0.22477125
brining	bringing	-0.08512672
V.P.	VP	-0.14541918
fugly	ugly	-0.196975
beutiful	beautiful	-0.24315436
ummmm	ummm	-0.26393825
woud	would	-0.2297124
13,500	12,000	-0.07965819
allright	alright	-0.29616675
succesfully	successfully	-0.107585646
pH.	pH	-0.20249788
coverup	cover-up	-0.082509734
94.99	89.99	-0.16218853
self-defence	self-defense	-0.043909132
wtih	with	-0.17570311
58,000	60,000	-0.0668861
17,500	15,000	-0.08053504
succes	success	-0.16870473
tommorrow	tomorrow	-0.23073712
giv	give	-0.23118338
masterbating	masturbating	-0.18823867
inspite	despite	-0.10111911
thei	their	-0.15979075
virtualisation	virtualization	-0.048578292
reccommend	recommend	-0.20860055
dosnt	doesnt	-0.26665515
PMDo	PMI	-0.22208406
64,000	60,000	-0.060513116
41-year-old	25-year-old	-0.09736129
targetted	targeted	-0.07362849
looove	love	-0.2535376
cemetary	cemetery	-0.14499918
ooooh	oooh	-0.24755867
speach	speech	-0.1444225
descendent	descendant	-0.09463629
frist	first	-0.24558249
relevent	relevant	-0.14717631
375,000	300,000	-0.09843741
crowed	crowd	-0.13878714
reall	really	-0.30012813
afterschool	after-school	-0.05680847
Guiness	Guinness	-0.14284427
-4:00	9:00	-0.1759842
shortsighted	short-sighted	-0.10693431
mediaeval	medieval	-0.08459609
Marriot	Marriott	-0.13419527
4,600	4,000	-0.06535207
72,000	60,000	-0.07572592
satelite	satellite	-0.1256064
skilfully	skillfully	-0.06979291
270,000	300,000	-0.07382254
4,300	4,000	-0.059767038
artifical	artificial	-0.12894115
－	）	-0.26482025
masterbation	masturbation	-0.14719383
hadn	didn	-0.12878431
56,000	30,000	-0.07197606
5,400	4,000	-0.06780662
emphasising	emphasizing	-0.029154232
Oooo	Oooh	-0.27724037
defenceman	defenseman	-0.11637098
pre-requisite	prerequisite	-0.06163118
X-mas	Xmas	-0.21413669
fallin	falling	-0.22053207
whith	with	-0.2673492
rythm	rhythm	-0.20322391
consistantly	consistently	-0.13616367
T.V	TV	-0.14710104
co-ordinates	coordinates	-0.04981576
synchronisation	synchronization	-0.07798111
infrastructural	infrastructure	-0.04120745
micro-organisms	microorganisms	-0.09272023
abd	and	-0.22196418
socialise	socialize	-0.10681417
46.99	39.99	-0.1889219
countrys	countries	-0.12417698
Isreal	Israel	-0.16949493
probaly	probably	-0.26702052
postion	position	-0.1453641
11,500	12,000	-0.07457586
jut	just	-0.18416964
sceptics	skeptics	-0.088081
Ashlyn	Ashley	-0.21916974
ammount	amount	-0.18873516
45-year-old	30-year-old	-0.09090827
Qaida	Qaeda	-0.06552648
anti-trust	antitrust	-0.060974125
crabby	cranky	-0.1596093
Ghandi	Gandhi	-0.12939638
Commerical	Commercial	-0.21455862
hillarious	hilarious	-0.2609383
hae	have	-0.18397556
bizzare	bizarre	-0.14718173
benifits	benefits	-0.15883516
qe	q	-0.24366793
foetus	fetus	-0.1095145
oooo	ooh	-0.27483067
5,200	4,000	-0.08660443
Cemetary	Cemetery	-0.21661234
wher	where	-0.26016444
-6:00	6:00	-0.1714016
cut-outs	cutouts	-0.1090324
Managment	Management	-0.19628878
inhouse	in-house	-0.1170411
whimpered	whispered	-0.20805012
suprisingly	surprisingly	-0.15983173
23.50	22.50	-0.21029896
tornados	tornadoes	-0.11248795
53,000	60,000	-0.08096104
aquire	acquire	-0.17183739
familar	familiar	-0.18351912
-11:30	10:30	-0.17715111
haf	have	-0.2254487
Amatuer	Amateur	-0.19102876
fom	from	-0.19549617
exept	except	-0.2669525
bcuz	cuz	-0.25188756
midair	mid-air	-0.111442536
Perú	Peru	-0.17146745
unfortunatly	unfortunately	-0.24860573
re-written	rewritten	-0.09413301
pickin	picking	-0.19062562
lazer	laser	-0.14607316
comparably	comparable	-0.05121503
wooly	woolly	-0.12305701
oclock	o'clock	-0.11125628
13-0	10-0	-0.15267016
successfull	successful	-0.16026208
:-p	;-)	-0.25082415
lool	lol	-0.32535732
spiralling	spiraling	-0.07565904
generalised	generalized	-0.07617351
330,000	300,000	-0.10831365
characterise	characterize	-0.06338782
3Gs	4S	-0.18167913
usin	using	-0.254602
life-time	lifetime	-0.08326005
230.00	150.00	-0.21409616
analyser	analyzer	-0.11693629
enquires	enquiries	-0.13795531
18cm	20cm	-0.20446236
over-priced	overpriced	-0.072369315
aslo	also	-0.20335425
multimillion	multi-million	-0.042425957
wal-mart	walmart	-0.11981737
occurance	occurrence	-0.13607056
noo	no	-0.2850818
55.99	59.99	-0.1997585
do-able	doable	-0.1355335
work-out	workout	-0.09813116
3,900	4,000	-0.08866101
litte	little	-0.22864462
vist	visit	-0.23333141
62.99	69.99	-0.19447766
lower-income	low-income	-0.032134943
laidback	laid-back	-0.10802827
shld	should	-0.21207328
thet	that	-0.22943409
bi-partisan	bipartisan	-0.08198629
youu	you	-0.24098012
Harriett	Harriet	-0.19152397
instal	install	-0.17828253
hospitalised	hospitalized	-0.065130614
68,000	70,000	-0.09262278
Ummmm	Hmmm	-0.32346952
challange	challenge	-0.21753055
43-year-old	30-year-old	-0.10747836
mobilise	mobilize	-0.05859093
occurence	occurrence	-0.10417566
nine-year	five-year	-0.038656827
theist	atheist	-0.14103305
sympathise	sympathize	-0.15097511
wll	will	-0.23338443
52.99	49.99	-0.20560533
re-issue	reissue	-0.11249154
2-minute	10-minute	-0.117117055
gah	oh	-0.27225688
whole-heartedly	wholeheartedly	-0.12037869
personel	personnel	-0.16101478
plausibly	plausible	-0.0930904
360,000	300,000	-0.08489224
child-like	childlike	-0.12084074
ZOMG	OMG	-0.29384267
religous	religious	-0.16279984
wile	while	-0.23626356
185,000	150,000	-0.11490077
LOADS	lots	-0.2358503
Ñ	â	-0.13379802
discretely	discreetly	-0.09125348
resturants	restaurants	-0.16660048
work.	work	-0.20007269
57,000	60,000	-0.08223099
Theyre	These	-0.2501029
42.95	39.95	-0.20219016
thnk	that	-0.27757025
programm	program	-0.1921076
whiney	whiny	-0.17888927
moisturising	moisturizing	-0.11245474
especialy	especially	-0.25803107
bi-polar	bipolar	-0.10134808
compatability	compatibility	-0.15402249
62,000	60,000	-0.08587496
usualy	usually	-0.24417715
œ	â	-0.09598825
hahahahah	hahahaha	-0.34469366
particulary	particularly	-0.15604
mayb	maybe	-0.2369479
couse	course	-0.30691913
53.99	59.99	-0.19741945
vidoe	video	-0.27818805
Portugese	Portuguese	-0.12167036
coment	comment	-0.30216426
itty	bitty	-0.174826
320,000	300,000	-0.10641031
oppurtunity	opportunity	-0.18274911
1,550	1,400	-0.11008424
throughly	thoroughly	-0.1364338
Archeological	Archaeological	-0.1277115
profesional	professional	-0.1650165
┬	â	-0.22452617
summarises	summarizes	-0.09053009
phoney	phony	-0.13354056
forcast	forecast	-0.14694141
grandad	grandpa	-0.18008699
21th	21st	-0.16817625
re-created	recreated	-0.1046924
controll	control	-0.23130581
vidoes	videos	-0.25684768
ofc	if	-0.2430424
points-1	points0	-0.19407514
-5:30	8:30	-0.1735353
commision	commission	-0.13947326
Accomodations	Accommodations	-0.22792313
-4:30	8:30	-0.19154759
civilisations	civilizations	-0.099625185
anti-depressant	antidepressant	-0.142168
iou	noun	-0.36816108
hahaa	haha	-0.2926312
49,000	60,000	-0.09694618
'40s	1940s	-0.12235876
38.95	39.95	-0.19911204
iphone4	iphone	-0.18130784
responce	response	-0.22700535
re-designed	redesigned	-0.11494205
embarassment	embarrassment	-0.16298448
4,700	4,000	-0.078309655
probally	probably	-0.27602378
over-rated	overrated	-0.16676934
pussys	pussies	-0.24289684
accessable	accessible	-0.1751851
saftey	safety	-0.16831389
5,600	4,000	-0.08928216
excellant	excellent	-0.18690874
seein	seeing	-0.25683647
novellas	novels	-0.081740975
Carrol	Carroll	-0.23471467
carribean	caribbean	-0.12042634
11.45	11.30	-0.16620415
re-writing	rewriting	-0.124149546
sight-seeing	sightseeing	-0.10420437
orignal	original	-0.24385165
ahahah	haha	-0.31634215
Unfortunatly	Unfortunately	-0.4194872
š	â	-0.13702413
-12:00	10:00	-0.17570843
evry	every	-0.2544747
frig	fridge	-0.20126243
partys	parties	-0.17716384
fricking	freaking	-0.24811706
FREAKIN	freaking	-0.29394352
amazin	amazing	-0.2797644
youself	yourself	-0.20298316
HAH	HA	-0.29195422
yeahh	yeah	-0.28260896
postive	positive	-0.15699181
perfomance	performance	-0.18472359
subtler	subtle	-0.10816061
-10:30	10:30	-0.18093821
!??	??	-0.31943488
33.95	39.95	-0.20428033
minimised	minimized	-0.10900009
1,850	1,800	-0.12007471
localisation	localization	-0.09752719
re-invent	reinvent	-0.13944097
woul	would	-0.27049443
breakin	breaking	-0.21325071
Mmmmmm	Mmmmm	-0.3107008
2yrs	yrs	-0.18820342
transfering	transferring	-0.16280665
kiddin	kidding	-0.3115531
availble	available	-0.19321975
interpretative	interpretive	-0.05774011
279.99	199.99	-0.19440529
reallly	really	-0.2758387
iin	in	-0.2551875
Goverment	Government	-0.17812598
insurence	insurance	-0.12141715
trully	truly	-0.25648603
dissapointing	disappointing	-0.22018754
emphases	emphasis	-0.06430009
jewlery	jewelry	-0.17892437
-3:00	9:00	-0.19837753
Lemuel	Samuel	-0.18151444
25.50	22.50	-0.22618513
leavin	leave	-0.23758407
neice	niece	-0.1924846
wide-spread	widespread	-0.07918727
relly	really	-0.3207484
benifit	benefit	-0.23885515
7-year	10-year	-0.06566601
writen	written	-0.23226891
glamourous	glamorous	-0.1511289
rox	so	-0.2944147
sub-standard	substandard	-0.07442273
banksters	bankers	-0.11362026
compatable	compatible	-0.20934401
looong	long	-0.19704834
recieves	receives	-0.13178994
get-away	getaway	-0.14035413
someting	something	-0.25870848
chocolatey	chocolate	-0.16659026
realli	really	-0.23374708
iPhone4	iPhone	-0.16928914
purée	puree	-0.15706432
indispensible	indispensable	-0.103278264
costar	co-star	-0.13109113
colourless	colorless	-0.13242865
wilfully	willfully	-0.09057572
44-year-old	30-year-old	-0.1268663
mortage	mortgage	-0.1310945
47-year-old	30-year-old	-0.1204497
plzz	plz	-0.2613476
sytem	system	-0.18175697
multiyear	multi-year	-0.023743348
familiarise	familiarize	-0.11010476
45-50	15-20	-0.154163
glimmering	shimmering	-0.15335312
shinning	shining	-0.20370594
haue	have	-0.23434032
22.49	29.99	-0.22574471
ckin	cking	-0.29439127
Shelia	Sheila	-0.23013918
thre	there	-0.24461879
va.	va	-0.25016177
Independant	Independent	-0.19739293
humourous	humorous	-0.13318655
queueing	queuing	-0.09804546
pay-off	payoff	-0.12207962
40.99	39.99	-0.21214117
60-80	20-30	-0.15814093
bail-out	bailout	-0.093272395
oestrogen	estrogen	-0.111469425
aeroplanes	airplanes	-0.08494515
Decreases	Increases	-0.18282993
bandwith	bandwidth	-0.16928159
tym	time	-0.23395458
personaly	personally	-0.28989056
-6:30	5:30	-0.1721799
C02	CO2	-0.1418608
51.99	59.99	-0.2149391
holdin	holding	-0.27102843
re-usable	reusable	-0.11811235
Wierd	Weird	-0.25845483
way.	way	-0.21722099
receipe	recipe	-0.17304552
suprising	surprising	-0.21571335
neo-liberal	neoliberal	-0.08032932
witha	with	-0.16262041
Beiber	Bieber	-0.21200114
non-existant	non-existent	-0.16559464
ussually	usually	-0.2595844
heehee	hehe	-0.2554104
leant	leaned	-0.17278679
PMNot	PMIt	-0.24355726
3-d	3D	-0.15894674
homeruns	homers	-0.12964495
morgage	mortgage	-0.14174064
neverending	never-ending	-0.14571327
66,000	70,000	-0.09526538
exellent	excellent	-0.19156957
nex	next	-0.23233533
expecially	especially	-0.24725237
moar	more	-0.25460473
occassional	occasional	-0.12203284
standardisation	standardization	-0.075690895
agin	again	-0.27811727
bodys	bodies	-0.16298376
155,000	150,000	-0.1204598
costumers	customers	-0.14126168
appearence	appearance	-0.17387424
artic	arctic	-0.13852966
dinky	tiny	-0.19170721
'30s	1930s	-0.11838189
1910s	1920s	-0.11045942
wanna-be	wannabe	-0.14401215
afew	few	-0.24285777
xtra	extra	-0.20623535
willl	will	-0.22183646
sub-contractors	subcontractors	-0.046052124
know.	know	-0.24774161
Dinning	Dining	-0.1945373
arses	asses	-0.20213194
YIKES	yes	-0.32129505
Al-Qaida	al-Qaeda	-0.10794412
acess	access	-0.19135793
Fuschia	Fuchsia	-0.27475816
Phillipe	Philippe	-0.17033948
bigtime	big-time	-0.21856119
seh	so	-0.2564018
16,500	15,000	-0.10784387
soley	solely	-0.14621206
duno	dunno	-0.2611371
makeing	making	-0.31565386
63,000	60,000	-0.10911262
targetting	targeting	-0.114178784
faeries	fairies	-0.13693132
bazillion	gazillion	-0.15094402
him.	it.	-0.2119905
fuc	fuck	-0.2669631
retarted	retarded	-0.3023241
pretax	pre-tax	-0.08615826
stylised	stylized	-0.09296261
defintely	definitely	-0.26964158
severly	severely	-0.15719195
hahha	haha	-0.2571955
re-start	restart	-0.1294662
fertilisers	fertilizers	-0.09684973
knowlege	knowledge	-0.17480987
Caren	Karen	-0.24685165
heyy	hey	-0.301443
oldschool	old-school	-0.21373855
1,020	1,200	-0.16359611
remodelling	remodeling	-0.06332832
roomate	roommate	-0.20604211
re-installed	reinstalled	-0.16780223
tatoos	tattoos	-0.1919235
stoopid	stupid	-0.26496458
thot	that	-0.30161726
Accesories	Accessories	-0.28488192
awakes	wakes	-0.17159751
didnâ	didn	-0.14879063
brillant	brilliant	-0.21166386
fightin	fighting	-0.24369428
7-15	3-5	-0.14700499
Univeristy	University	-0.1872797
:'D	:D	-0.3054995
comparision	comparison	-0.1854237
harrassment	harassment	-0.14446415
3-minute	10-minute	-0.120982334
Ihe	tbe	-0.11297196
onlin	online	-0.1792104
joyously	joyfully	-0.1105113
prerecorded	pre-recorded	-0.079143204
Ahhhhh	Ahhhh	-0.29502162
colonisation	colonization	-0.08563165
potatoe	potato	-0.18136838
knifes	knives	-0.17697908
x-mas	xmas	-0.24774638
sumthing	something	-0.28432006
n'T	It	-0.24429674
Delux	Deluxe	-0.29617983
Loreal	L'Oreal	-0.17005579
Practise	Practice	-0.20103604
highspeed	high-speed	-0.15035014
showin	showing	-0.26681817
bi-sexual	bisexual	-0.14228074
950,000	500,000	-0.14591004
make-over	makeover	-0.15288167
ony	only	-0.26147816
solider	soldier	-0.15117441
67,000	60,000	-0.10203726
46-year-old	30-year-old	-0.12863366
pavillion	pavilion	-0.14829649
impelled	compelled	-0.14365374
waster	waste	-0.19948779
avaiable	available	-0.22336228
oedema	edema	-0.14340955
14,500	15,000	-0.10655525
advertisment	advertisement	-0.20449968
jalapeño	jalapeno	-0.16662759
part4	part1	-0.21855251
missin	missing	-0.2979552
BILLIONS	millions	-0.18874297
5,800	4,000	-0.118548796
yh	so	-0.31464005
availible	available	-0.23658997
intricacy	intricate	-0.14084853
1,950	1,500	-0.121792704
barbeques	barbecues	-0.11806758
239.99	199.99	-0.20601556
;-D	:-)	-0.25550207
lovee	love	-0.26066414
51,000	30,000	-0.10438139
continous	continuous	-0.14564268
mmmmmm	mmmmm	-0.31071284
Hallowe'en	Halloween	-0.13926098
sucessfully	successfully	-0.16095756
re-visit	revisit	-0.15927657
waaaaay	waaaay	-0.2226286
peasy	easy	-0.23565485
mesmerising	mesmerizing	-0.13812655
48-year-old	30-year-old	-0.13678128
adorably	adorable	-0.13830402
2,500,000	250,000	-0.13200457
4,100	4,000	-0.10390748
soon.	soon	-0.21180913
40-minute	20-minute	-0.074922994
heart-felt	heartfelt	-0.12756908
fishin	fishing	-0.21883868
florescent	fluorescent	-0.114485584
hahahha	hahaha	-0.35036224
storys	stories	-0.24345881
endothelium	endothelial	-0.12345029
warrenty	warranty	-0.1801118
Tmobile	T-Mobile	-0.1723114
Weve	've	-0.23555024
mangos	mangoes	-0.18612736
45.95	39.95	-0.21884294
experince	experience	-0.23845023
abovementioned	above-mentioned	-0.08271689
Britian	Britain	-0.17505465
meta-data	metadata	-0.116328955
suckin	sucking	-0.26720694
Pheonix	Phoenix	-0.2163435
veri	very	-0.2319291
concious	conscious	-0.19869512
B.C	B.C.	-0.15774187
archeologists	archaeologists	-0.07391183
PMthe	AMThe	-0.25512847
runing	running	-0.2648715
anti-viral	antiviral	-0.1064731
familys	families	-0.2070285
245.00	195.00	-0.22384022
šÂ	â	-0.17024578
break-out	breakout	-0.09422717
sceptic	skeptic	-0.15115331
normaly	normally	-0.31110227
1,120	1,200	-0.17002857
every-day	everyday	-0.10629135
56.99	59.99	-0.21230723
reenter	re-enter	-0.10624653
rlly	really	-0.2960453
dissappointed	disappointed	-0.27721485
ç	â	-0.20775531
artical	article	-0.23032676
425,000	400,000	-0.14705819
smirks	smiles	-0.18539186
film-making	filmmaking	-0.07976275
flyin	flying	-0.25455102
Phillipines	Philippines	-0.18083744
5,700	4,000	-0.12083277
freee	free	-0.17894438
s	's	-0.13161294
3yrs	yrs	-0.20606415
apparantly	apparently	-0.24833138
wieght	weight	-0.19079371
watever	whatever	-0.29267007
definate	definite	-0.21949613
269.99	299.99	-0.19635242
enamoured	enamored	-0.1912143
time-frame	timeframe	-0.09924237
instore	in-store	-0.13693662
rechargable	rechargeable	-0.17569152
heart-breaking	heartbreaking	-0.13555922
commiting	committing	-0.18391599
Satelite	Satellite	-0.23484424
2,750	2,000	-0.11798901
-3:30	4:30	-0.19642504
look-out	lookout	-0.15042861
78,000	70,000	-0.119286686
PMyou	AMYou	-0.24656473
wearin	wearing	-0.2709102
104.99	119.99	-0.1939155
sexi	sexy	-0.26125798
Ceasar	Caesar	-0.1952109
Debbi	Debbie	-0.277622
3th	3rd	-0.22082141
5,300	4,000	-0.10392742
constrains	constraints	-0.12780353
X-Mas	Xmas	-0.2583319
＊	・	-0.28570905
449.99	299.99	-0.19704807
woudl	would	-0.26649445
tyme	time	-0.23575395
flavouring	flavoring	-0.15559559
beaut	beauty	-0.26314044
P.O	PO	-0.25744197
film-maker	filmmaker	-0.109350644
youI	you	-0.20069839
commandline	command-line	-0.20842749
dissapointment	disappointment	-0.24103203
6,400	4,000	-0.11139644
6,600	6,000	-0.11272214
49-year-old	25-year-old	-0.14079143
ballon	balloon	-0.18490148
preordered	pre-ordered	-0.1966952
camara	camera	-0.22406426
feild	field	-0.22671115
availabe	available	-0.22556114
laughin	laughing	-0.27908024
nto	not	-0.2616342
veiw	view	-0.25397146
10-25	10-20	-0.17007588
65.99	69.99	-0.21543774
6,300	4,000	-0.11786115
Bleh	blah	-0.35242248
Afganistan	Afghanistan	-0.19517942
okey	okay	-0.26004994
differant	different	-0.24541888
0:13	0:10	-0.29589498
is.	it	-0.26682457
symbolises	symbolizes	-0.12493036
ı	we	-0.28756773
195,000	150,000	-0.15846495
foriegn	foreign	-0.1604584
jonny	johnny	-0.23519406
upp	up	-0.26946294
3-15	2-5	-0.17673706
filets	fillets	-0.19155076
better.	better	-0.24141905
yuor	your	-0.21368892
origional	original	-0.26670435
Beautifull	Beautiful	-0.25955084
materialise	materialize	-0.13137065
380,000	400,000	-0.12778975
xvii	viii	-0.20738964
23th	24th	-0.21705489
in-patient	inpatient	-0.07578737
Jewelery	Jewelry	-0.23729917
step-father	stepfather	-0.13730563
pitty	pity	-0.32655594
ecstacy	ecstasy	-0.17795005
discription	description	-0.28227305
maby	maybe	-0.33106017
acutally	actually	-0.3065728
antisemitic	anti-Semitic	-0.120536804
singlehandedly	single-handedly	-0.10146232
acount	account	-0.25217953
Seach	search	-0.2625564
intersted	interested	-0.2585036
verison	version	-0.24566287
340,000	400,000	-0.11535475
onl	only	-0.26960015
whic	which	-0.2590532
missle	missile	-0.16089772
Commision	Commission	-0.18163818
1820s	1800s	-0.14331034
Protestors	Protesters	-0.15867358
actully	actually	-0.3468171
Brazillian	Brazilian	-0.16690162
6,800	7,000	-0.12317911
much.	much	-0.23537834
whereever	wherever	-0.20121662
hiya	hey	-0.28736705
gelatine	gelatin	-0.17476477
134.99	129.99	-0.20258635
58.99	59.99	-0.22922885
excitment	excitement	-0.22137706
Baily	Bailey	-0.23616435
illusive	elusive	-0.1614323
flavourful	flavorful	-0.17350376
simular	similar	-0.2699231
vnto	unto	-0.24459106
puting	putting	-0.30897695
granddad	grandpa	-0.21558301
wiv	wit	-0.29614466
a-hole	asshole	-0.24300957
traumatised	traumatized	-0.15066366
excercises	exercises	-0.15571219
choise	choice	-0.28104454
47.95	39.95	-0.2461696
readin	reading	-0.2525537
mone	money	-0.24801524
6,200	4,000	-0.12545878
eying	eyeing	-0.16622177
eco-system	ecosystem	-0.09519133
stabilising	stabilizing	-0.0933409
reestablished	re-established	-0.11812354
arsehole	asshole	-0.24210513
22,500	20,000	-0.13137622
pennis	penis	-0.20888446
xviii	viii	-0.21637906
definitley	definitely	-0.3140982
contaminates	contaminants	-0.14818335
today.	today	-0.22401945
archeologist	archaeologist	-0.11663823
pleasent	pleasant	-0.23018818
whacky	wacky	-0.1915008
Wht	White	-0.31387234
500000	100,000	-0.20146729
responsiblity	responsibility	-0.18515752
proffesional	professional	-0.21687286
oppinion	opinion	-0.2883109
symbolise	symbolize	-0.138593
wonderin	wondering	-0.29776198
coments	comments	-0.3140208
thnks	thanks	-0.29695216
arguements	arguments	-0.21107891
likeminded	like-minded	-0.13436486
re-apply	reapply	-0.11145476
84,000	60,000	-0.123097
off-beat	offbeat	-0.13567501
nuttin	nothin	-0.2800736
tne	tbe	-0.13986376
73,000	70,000	-0.1307702
51-year-old	30-year-old	-0.14394152
listenin	listening	-0.26219574
amoung	among	-0.1891728
everday	everyday	-0.23210356
meen	mean	-0.3501123
S.A	S.A.	-0.22096115
restuarant	restaurant	-0.20980366
zillions	millions	-0.18048757
114.99	129.99	-0.20866795
Convertor	Converter	-0.23806909
inlaws	in-laws	-0.21607013
under-appreciated	underappreciated	-0.11777906
yaa	ya	-0.29012835
290,000	300,000	-0.14418362
web-page	webpage	-0.20701383
opportunites	opportunities	-0.16437666
desparate	desperate	-0.23362295
Euan	Ian	-0.17808631
215,000	200,000	-0.14622283
loh	so	-0.25754094
suport	support	-0.26893112
anywho	anyway	-0.28963768
irresistable	irresistible	-0.19240701
polarised	polarized	-0.101177916
6-15	2-5	-0.1709338
HAHAH	HAHA	-0.35171524
Seperate	separate	-0.23606968
definatley	definately	-0.3130495
77,000	70,000	-0.12090189
re-runs	reruns	-0.10691753
channelling	channeling	-0.08883518
heared	heard	-0.327405
recipie	recipe	-0.2124628
laa	lah	-0.2669165
69,000	70,000	-0.14017904
revolutionised	revolutionized	-0.11588836
tо	to	-0.1647937
17.49	19.99	-0.23237436
235.00	195.00	-0.2320508
4,900	4,000	-0.13666625
air-tight	airtight	-0.14688556
PMOk	PMI	-0.30942732
pre-amp	preamp	-0.16460922
Ha'aretz	Haaretz	-0.1276007
back.	back	-0.23028183
aweful	awful	-0.28973055
Tuscon	Tucson	-0.16820057
out-dated	outdated	-0.13919081
usally	usually	-0.3057839
burried	buried	-0.24605025
anther	another	-0.17521071
wld	would	-0.25335044
protien	protein	-0.19447285
Cmon	C'mon	-0.33843702
meandered	wandered	-0.14094816
1,060	1,100	-0.18433173
removeable	removable	-0.21688646
1,140	1,100	-0.1667699
Hizballah	Hezbollah	-0.101344176
lyin	lie	-0.2866994
shinny	shiny	-0.23106745
clich	cliché	-0.15888363
handfull	handful	-0.24552715
shiney	shiny	-0.25528154
take-over	takeover	-0.13816585
shut-down	shutdown	-0.121532194
420,000	400,000	-0.14202644
67.99	69.99	-0.22561392
embarrased	embarrassed	-0.27270633
tantalising	tantalizing	-0.10509703
22cm	20cm	-0.23759697
synching	syncing	-0.17895931
guarentee	guarantee	-0.26854032
re-build	rebuild	-0.14118841
priviledge	privilege	-0.19786085
lke	like	-0.33682135
50.99	59.99	-0.24129961
left-over	leftover	-0.16424944
appriciate	appreciate	-0.3035412
DirectTV	DirecTV	-0.19163755
sub-continent	subcontinent	-0.12821431
5yrs	yrs	-0.20033978
53-year-old	30-year-old	-0.1541499
lable	label	-0.24765141
gota	get	-0.30853125
re-introduced	reintroduced	-0.13700819
weâ	we	-0.12859584
earings	earrings	-0.22060438
re-creating	recreating	-0.12672848
tings	things	-0.26927474
propoganda	propaganda	-0.189701
potatos	potatoes	-0.22506545
now-a-days	nowadays	-0.21736602
okie	okay	-0.26285043
22th	15th	-0.22668158
eveyone	everyone	-0.2819438
film-makers	filmmakers	-0.09803327
1,070	1,100	-0.18808772
1,275	1,200	-0.18287233
88,000	70,000	-0.13368757
Kwong	Wong	-0.16207962
loll	well	-0.32628217
affraid	afraid	-0.33487362
5,100	4,000	-0.11116244
šÃ	â	-0.10562605
-2:00	9:00	-0.213467
2-15	2-10	-0.19372584
tomorow	tomorrow	-0.30740836
trans-Atlantic	transatlantic	-0.07225906
59,000	60,000	-0.13328004
;O	;	-0.29843238
controled	controlled	-0.21818872
short-listed	shortlisted	-0.11091339
neo-classical	neoclassical	-0.13041206
lawl	lol	-0.34379116
aggresive	aggressive	-0.218371
tring	trying	-0.33379522
259.99	199.99	-0.23368438
whinging	whining	-0.21984558
inflight	in-flight	-0.108601466
vaccum	vacuum	-0.19740573
symtoms	symptoms	-0.18277434
anythin	anything	-0.2819287
pre-clinical	preclinical	-0.08516462
dissapear	disappear	-0.26933813
didi	did	-0.27316517
doens	does	-0.31298915
ooops	oops	-0.30500227
99,000	60,000	-0.16825828
82,000	80,000	-0.1411926
25km	20km	-0.15939493
win/win	win-win	-0.16296935
assesment	assessment	-0.19424729
I?ve	've	-0.19395092
1,160	1,200	-0.17776884
downlaod	download	-0.22166215
76,000	60,000	-0.12408343
96,000	60,000	-0.13243589
WOAH	Oh	-0.32952723
matress	mattress	-0.18370761
n_n	^_^	-0.2971026
1,130	1,100	-0.1728034
Hawai`i	Hawai'i	-0.10919529
impotency	impotence	-0.15100576
freindly	friendly	-0.24709027
andor	and/or	-0.1697003
tourny	tourney	-0.23781636
happenin	happening	-0.26562905
advertizing	advertising	-0.22190653
scarey	scary	-0.2974204
92,000	90,000	-0.12533762
catagories	categories	-0.20509127
intial	initial	-0.17354958
prophesies	prophecies	-0.14978221
scarfs	scarves	-0.21371496
energised	energized	-0.123689
under-rated	underrated	-0.1816176
235,000	200,000	-0.16852005
adresses	addresses	-0.20711708
bringin	bringing	-0.29552096
Ukranian	Ukrainian	-0.1396382
world-view	worldview	-0.15622906
unravelling	unraveling	-0.1445293
presciption	prescription	-0.19384167
righ	right	-0.28697464
possesion	possession	-0.2099073
18,500	15,000	-0.14560786
bcos	cos	-0.25260597
becuse	because	-0.3666041
15-0	10-0	-0.1997805
defenceless	defenseless	-0.1940024
epicentre	epicenter	-0.124459736
sleepin	sleeping	-0.2861003
KDE4	KDE	-0.20377079
gaurd	guard	-0.2308395
biatch	bitch	-0.3511608
LOLZ	LOL	-0.38003662
entrées	entrees	-0.12806532
buh	but	-0.29264897
persistant	persistent	-0.19280681
pragmatist	pragmatic	-0.15529083
responsibilty	responsibility	-0.20845845
post-partum	postpartum	-0.12471403
trailor	trailer	-0.21200341
peninsular	peninsula	-0.157955
74,000	70,000	-0.12651405
anf	and	-0.33953676
off-set	offset	-0.1445296
coool	cool	-0.3627365
gues	guess	-0.36306632
villians	villains	-0.21383688
jelous	jealous	-0.33950093
AMHello	PMHello	-0.27103353
；	，	-0.22513321
donno	dunno	-0.29921636
acheived	achieved	-0.20219834
greyscale	grayscale	-0.17460845
powe	power	-0.2829547
confectionary	confectionery	-0.12785864
visable	visible	-0.2453826
nauseam	nauseum	-0.17615159
co-operating	cooperating	-0.11044197
pict	pic	-0.28873864
Hizbollah	Hezbollah	-0.10547795
up-coming	upcoming	-0.123457395
build-in	built-in	-0.210875
OSs	OSes	-0.18752661
loool	lol	-0.38257736
perfer	prefer	-0.31783047
sulphuric	sulfuric	-0.16798998
chosing	choosing	-0.23439008
pocker	poker	-0.16403511
singleplayer	single-player	-0.16554454
decisionmaking	decision-making	-0.097430736
continously	continuously	-0.19436443
industrialisation	industrialization	-0.1333623
withe	with	-0.3056405
thoughout	throughout	-0.1523263
smal	small	-0.25501016
Griffen	Griffin	-0.26891708
alchohol	alcohol	-0.19895987
neo-con	neocon	-0.13954578
oO	so	-0.33279186
theese	these	-0.2633315
Grp	Group	-0.26729786
PMwhat	AMWhat	-0.2834268
echos	echoes	-0.21989828
plc.	plc	-0.22421123
Awwwww	Awwww	-0.33285105
doen	even	-0.28141686
Aaah	Ahhh	-0.3154805
corse	course	-0.2934058
floatation	flotation	-0.14546824
Granddad	Grandpa	-0.24746256
209.99	199.99	-0.2323904
work-around	workaround	-0.16576873
requirments	requirements	-0.19261293
1,180	1,200	-0.17717287
diffrence	difference	-0.3439194
useage	usage	-0.22812665
1,110	1,100	-0.18168275
nono	not	-0.30203897
shuld	should	-0.31456468
goddam	goddamn	-0.3093436
-2:30	1:30	-0.22679871
upmost	utmost	-0.21172564
15,500	15,000	-0.13545501
competetive	competitive	-0.19269475
generalisation	generalization	-0.16804522
back-ups	backups	-0.15737526
1,220	1,200	-0.17755766
tthe	the	-0.26486525
apologising	apologizing	-0.15893704
87,000	70,000	-0.14470561
1,240	1,200	-0.18069646
synchronise	synchronize	-0.15726785
shoul	should	-0.29315692
54-year-old	30-year-old	-0.16246097
beiber	bieber	-0.26844296
vido	video	-0.2597473
out-patient	outpatient	-0.108347
21-year	20-year	-0.12818423
re-installing	reinstalling	-0.18517756
resonable	reasonable	-0.24646457
unbelieveable	unbelievable	-0.28980762
decentralised	decentralized	-0.11084364
maintainance	maintenance	-0.20894264
yuo	you	-0.31365815
super-hero	superhero	-0.15252538
ihe	tbe	-0.11560198
throwin	throwing	-0.29142174
3,750	3,000	-0.14716661
standin	standing	-0.28382087
flakey	flaky	-0.20299272
1,380	1,400	-0.17228076
coud	could	-0.3376161
beacause	because	-0.36181659
475,000	400,000	-0.17890334
63.99	69.99	-0.22621353
285.00	195.00	-0.24383625
ischaemic	ischemic	-0.1580409
t.v	tv	-0.24478915
midsized	mid-sized	-0.123224355
GTA4	GTA	-0.23582667
advertisments	advertisements	-0.20072667
flourescent	fluorescent	-0.15927973
pursing	pursuing	-0.10890394
marvelled	marveled	-0.20069686
98,000	80,000	-0.12803128
Taleban	Taliban	-0.13204002
kindof	kinda	-0.30799234
xoxox	xoxo	-0.28908134
orginally	originally	-0.26134187
Somethin	Something	-0.24368615
re-live	relive	-0.19422466
everone	everyone	-0.30125746
hurray	hooray	-0.2724861
ope	open	-0.2567746
lieing	lying	-0.30524692
reponse	response	-0.20893979
worl	world	-0.261196
fianc	fiancé	-0.1563565
far-away	faraway	-0.15579544
6,100	4,000	-0.18586215
table-top	tabletop	-0.13241239
nowdays	nowadays	-0.2688763
leftwing	left-wing	-0.12773977
performace	performance	-0.2182263
seach	search	-0.22356667
insted	instead	-0.36598566
sone	one	-0.2997446
gurls	girls	-0.29285282
coauthored	co-authored	-0.15484996
theyd	they	-0.27158025
minimises	minimizes	-0.11961606
reali	really	-0.2720608
empathise	empathize	-0.20200345
automagically	automatically	-0.19241178
faecal	fecal	-0.14591764
singe	single	-0.23154975
grandaughter	granddaughter	-0.25097063
tress	trees	-0.19805059
289.00	199.00	-0.2600898
aand	and	-0.28742114
favorit	favorite	-0.2865581
witht	with	-0.29874346
M.D	M.D.	-0.20580031
93,000	70,000	-0.12499762
water-proof	waterproof	-0.18120328
jewerly	jewelry	-0.22135212
foetal	fetal	-0.12549236
300000	10,000	-0.21657261
Kosova	Kosovo	-0.17275494
non-sense	nonsense	-0.25298378
370,000	400,000	-0.12642449
wuld	would	-0.3047689
jeopardise	jeopardize	-0.13869216
re-issued	reissued	-0.15038022
minutia	minutiae	-0.16805686
23-year	20-year	-0.15588622
Infomation	Information	-0.3211635
coporate	corporate	-0.26516944
shiz	shit	-0.34583643
coul	could	-0.30568984
welll	well	-0.2901169
fuer	für	-0.2391699
PMoh	AMOh	-0.28004918
4-13	4-10	-0.21339944
conveyer	conveyor	-0.14725563
recomendations	recommendations	-0.24976659
politico	political	-0.17908157
preety	pretty	-0.34008446
Rodriquez	Rodriguez	-0.2153472
-12:30	12:30	-0.21934755
neh	eh	-0.31093147
89,000	60,000	-0.18347004
61,000	60,000	-0.14026916
pushin	pushing	-0.29632136
83,000	70,000	-0.14840537
27.HTM	B22.HTM	-0.2925298
polarisation	polarization	-0.14344281
additonal	additional	-0.19479379
knowhow	know-how	-0.17093891
yess	yes	-0.35012677
feasibly	feasible	-0.16613224
sociopolitical	socio-political	-0.14129277
offically	officially	-0.23928444
shiat	that	-0.28872705
7,800	4,000	-0.14306882
´	â	-0.22030377
6,700	4,000	-0.14492469
needa	need	-0.2891936
whould	would	-0.33109644
blankie	blanket	-0.19845518
academe	academia	-0.13396542
Cresent	Crescent	-0.26271507
konw	know	-0.3992348
savy	savvy	-0.2422517
liveable	livable	-0.15369545
instil	instill	-0.18057257
peopl	people	-0.26989046
ould	could	-0.24524726
tee-shirt	t-shirt	-0.20081685
ipad2	ipad	-0.21179983
-1:00	1:00	-0.22800346
smouldering	smoldering	-0.17085007
gooood	good	-0.35500616
life.	life	-0.2062885
neo-cons	neocons	-0.1842912
responsable	responsible	-0.20174904
forsee	foresee	-0.27010173
arrangments	arrangements	-0.24771401
peopel	people	-0.35903952
controling	controlling	-0.22566068
refridgerator	refrigerator	-0.23109102
chek	check	-0.28175917
wnt	want	-0.3002211
agonising	agonizing	-0.14575984
sellin	selling	-0.27720028
percieved	perceived	-0.21168284
amzing	amazing	-0.33449513
PMthis	AMThis	-0.25688463
globalised	globalized	-0.16982758
akward	awkward	-0.26766253
intergrated	integrated	-0.21337664
hym	him	-0.30151805
1,290	1,300	-0.19301698
coupla	couple	-0.26035532
huhu	hehe	-0.30810553
preperation	preparation	-0.21528733
preceeding	preceding	-0.13679366
anti-ageing	anti-aging	-0.10857146
anyway.	anyway	-0.2620485
re-branding	rebranding	-0.13631111